{
  "Website" : "N\/A",
  "Plot" : "In the summer of 1989, a group of bullied kids band together to destroy a shape-shifting monster, which disguises itself as a clown and preys on the children of Derry, their small Maine town.",
  "Awards" : "8 wins & 45 nominations.",
  "imdbRating" : "7.3",
  "Poster" : "https:\/\/m.media-amazon.com\/images\/M\/MV5BZDVkZmI0YzAtNzdjYi00ZjhhLWE1ODEtMWMzMWMzNDA0NmQ4XkEyXkFqcGdeQXVyNzYzODM3Mzg@._V1_SX300.jpg",
  "Released" : "08 Sep 2017",
  "Rated" : "R",
  "Language" : "English",
  "Genre" : "Horror",
  "Title" : "It",
  "imdbVotes" : "424,432",
  "Runtime" : "135 min",
  "Ratings" : [
    {
      "Source" : "Internet Movie Database",
      "Value" : "7.3\/10"
    },
    {
      "Source" : "Rotten Tomatoes",
      "Value" : "86%"
    },
    {
      "Source" : "Metacritic",
      "Value" : "69\/100"
    }
  ],
  "imdbID" : "tt1396484",
  "Writer" : "Chase Palmer (screenplay by), Cary Joji Fukunaga (screenplay by), Gary Dauberman (screenplay by), Stephen King (based on the novel by)",
  "Type" : "movie",
  "BoxOffice" : "$326,898,358",
  "Production" : "Warner Bros. Pictures",
  "Director" : "Andy Muschietti",
  "Year" : "2017",
  "DVD" : "09 Jan 2018",
  "Response" : "True",
  "Metascore" : "69",
  "Country" : "Canada, USA",
  "Actors" : "Jaeden Martell, Jeremy Ray Taylor, Sophia Lillis, Finn Wolfhard"
}